{
  "token_acc": 0.9980718909,
  "token_p": 0.997080292,
  "token_r": 0.9953256895,
  "token_f": 0.9962022181,
  "pos_acc": 0.9672309536,
  "morph_acc": 0.9524859138,
  "morph_micro_p": 0.9695377113,
  "morph_micro_r": 0.9608784391,
  "morph_micro_f": 0.9651886537,
  "morph_per_feat": {
    "Definite": {
      "p": 0.974870317,
      "r": 0.9591697856,
      "f": 0.9669563229
    },
    "Gender": {
      "p": 0.9373022721,
      "r": 0.9273451579,
      "f": 0.9322971298
    },
    "Number": {
      "p": 0.9714328115,
      "r": 0.9591911495,
      "f": 0.9652731697
    },
    "Mood": {
      "p": 0.977783325,
      "r": 0.9794948737,
      "f": 0.978638351
    },
    "Tense": {
      "p": 0.9793866264,
      "r": 0.9811130698,
      "f": 0.9802490879
    },
    "VerbForm": {
      "p": 0.9678839257,
      "r": 0.9675684485,
      "f": 0.9677261614
    },
    "Degree": {
      "p": 0.9600555749,
      "r": 0.9495018894,
      "f": 0.9547495682
    },
    "PronType": {
      "p": 0.9893617021,
      "r": 0.9829594478,
      "f": 0.9861501839
    },
    "Poss": {
      "p": 0.9920948617,
      "r": 0.9920948617,
      "f": 0.9920948617
    },
    "Case": {
      "p": 0.991091314,
      "r": 0.9856035437,
      "f": 0.9883398112
    },
    "Reflex": {
      "p": 1.0,
      "r": 1.0,
      "f": 1.0
    },
    "NumType": {
      "p": 0.9888392857,
      "r": 0.9115226337,
      "f": 0.948608137
    },
    "Polarity": {
      "p": 1.0,
      "r": 1.0,
      "f": 1.0
    },
    "Person": {
      "p": 0.9881516588,
      "r": 0.9895586141,
      "f": 0.988854636
    },
    "Animacy": {
      "p": 0.9991467577,
      "r": 0.9974446337,
      "f": 0.9982949702
    },
    "Voice": {
      "p": 0.9361702128,
      "r": 0.9565217391,
      "f": 0.9462365591
    },
    "Abbr": {
      "p": 0.984962406,
      "r": 0.81875,
      "f": 0.8941979522
    }
  },
  "sents_p": 0.9215283484,
  "sents_r": 0.9310917393,
  "sents_f": 0.9262853603,
  "dep_uas": 0.8812838904,
  "dep_las": 0.8477537308,
  "dep_las_per_type": {
    "nmod": {
      "p": 0.7792682927,
      "r": 0.786622897,
      "f": 0.7829283235
    },
    "nsubj": {
      "p": 0.8850109068,
      "r": 0.875192604,
      "f": 0.8800743725
    },
    "flat:name": {
      "p": 0.8569157393,
      "r": 0.8679549114,
      "f": 0.8624
    },
    "root": {
      "p": 0.8872712146,
      "r": 0.8854296389,
      "f": 0.8863494702
    },
    "advmod": {
      "p": 0.8250362494,
      "r": 0.8190978887,
      "f": 0.8220563448
    },
    "mark": {
      "p": 0.9131886477,
      "r": 0.9126807564,
      "f": 0.9129346314
    },
    "advcl": {
      "p": 0.6561954625,
      "r": 0.6449399657,
      "f": 0.6505190311
    },
    "obj": {
      "p": 0.8718882817,
      "r": 0.8908188586,
      "f": 0.8812519178
    },
    "case": {
      "p": 0.9320237788,
      "r": 0.9305806452,
      "f": 0.9313016529
    },
    "det": {
      "p": 0.958148383,
      "r": 0.9563291139,
      "f": 0.9572378841
    },
    "obl": {
      "p": 0.7436955525,
      "r": 0.7339366516,
      "f": 0.7387838761
    },
    "aux": {
      "p": 0.9392014519,
      "r": 0.9366515837,
      "f": 0.9379247848
    },
    "acl:relcl": {
      "p": 0.7863436123,
      "r": 0.8040540541,
      "f": 0.7951002227
    },
    "iobj": {
      "p": 0.8333333333,
      "r": 0.625,
      "f": 0.7142857143
    },
    "xcomp": {
      "p": 0.6824324324,
      "r": 0.6870748299,
      "f": 0.6847457627
    },
    "cc": {
      "p": 0.9107142857,
      "r": 0.9043947571,
      "f": 0.9075435203
    },
    "conj": {
      "p": 0.7113328582,
      "r": 0.7247639797,
      "f": 0.7179856115
    },
    "amod": {
      "p": 0.9150090416,
      "r": 0.919442762,
      "f": 0.9172205438
    },
    "nummod": {
      "p": 0.9,
      "r": 0.9551020408,
      "f": 0.9267326733
    },
    "compound:prt": {
      "p": 0.8301158301,
      "r": 0.7761732852,
      "f": 0.802238806
    },
    "cop": {
      "p": 0.8534583822,
      "r": 0.8676996424,
      "f": 0.8605200946
    },
    "appos": {
      "p": 0.3787878788,
      "r": 0.25,
      "f": 0.3012048193
    },
    "ccomp": {
      "p": 0.7745454545,
      "r": 0.8385826772,
      "f": 0.8052930057
    },
    "acl": {
      "p": 0.6455696203,
      "r": 0.6169354839,
      "f": 0.6309278351
    },
    "expl": {
      "p": 0.7105943152,
      "r": 0.7432432432,
      "f": 0.7265521797
    },
    "csubj": {
      "p": 0.7391304348,
      "r": 0.6204379562,
      "f": 0.6746031746
    },
    "nsubj:pass": {
      "p": 0.864321608,
      "r": 0.7962962963,
      "f": 0.8289156627
    },
    "aux:pass": {
      "p": 0.9292035398,
      "r": 0.875,
      "f": 0.9012875536
    },
    "acl:cleft": {
      "p": 0.36,
      "r": 0.3333333333,
      "f": 0.3461538462
    },
    "orphan": {
      "p": 0.25,
      "r": 0.0384615385,
      "f": 0.0666666667
    },
    "parataxis": {
      "p": 0.8085106383,
      "r": 0.6063829787,
      "f": 0.6930091185
    },
    "reparandum": {
      "p": 0.0,
      "r": 0.0,
      "f": 0.0
    },
    "dep": {
      "p": 0.0,
      "r": 0.0,
      "f": 0.0
    },
    "compound": {
      "p": 0.8181818182,
      "r": 0.2195121951,
      "f": 0.3461538462
    },
    "flat:foreign": {
      "p": 0.6818181818,
      "r": 0.4838709677,
      "f": 0.5660377358
    },
    "discourse": {
      "p": 0.6,
      "r": 0.2608695652,
      "f": 0.3636363636
    },
    "csubj:pass": {
      "p": 0.0,
      "r": 0.0,
      "f": 0.0
    }
  },
  "lemma_acc": 0.9676877307,
  "tag_acc": 0.9672309536,
  "ents_p": 0.7560532688,
  "ents_r": 0.73992891,
  "ents_f": 0.7479041916,
  "ents_per_type": {
    "PER": {
      "p": 0.8090614887,
      "r": 0.8183306056,
      "f": 0.8136696501
    },
    "ORG": {
      "p": 0.7539863326,
      "r": 0.8193069307,
      "f": 0.7852906287
    },
    "GPE_LOC": {
      "p": 0.7943548387,
      "r": 0.7606177606,
      "f": 0.7771203156
    },
    "PROD": {
      "p": 0.5887096774,
      "r": 0.450617284,
      "f": 0.5104895105
    },
    "DRV": {
      "p": 0.7945205479,
      "r": 0.7341772152,
      "f": 0.7631578947
    },
    "LOC": {
      "p": 0.6063829787,
      "r": 0.5229357798,
      "f": 0.5615763547
    },
    "GPE_ORG": {
      "p": 0.6170212766,
      "r": 0.5272727273,
      "f": 0.568627451
    },
    "EVT": {
      "p": 0.4444444444,
      "r": 0.4444444444,
      "f": 0.4444444444
    }
  },
  "speed": 10827.0939457069
}