{
  "token_acc": 0.9989350373,
  "token_p": 0.9977732598,
  "token_r": 0.9974835463,
  "token_f": 0.997628382,
  "pos_acc": 0.9497336562,
  "morph_acc": 0.9366585956,
  "morph_micro_p": 0.9580063194,
  "morph_micro_r": 0.9488667912,
  "morph_micro_f": 0.9534146527,
  "morph_per_feat": {
    "Mood": {
      "p": 0.9684210526,
      "r": 0.9647283127,
      "f": 0.9665711557
    },
    "Tense": {
      "p": 0.9568181818,
      "r": 0.9510542169,
      "f": 0.9539274924
    },
    "VerbForm": {
      "p": 0.9484792055,
      "r": 0.935128519,
      "f": 0.9417565485
    },
    "Voice": {
      "p": 0.9712990937,
      "r": 0.9611360239,
      "f": 0.966190834
    },
    "Definite": {
      "p": 0.9523428114,
      "r": 0.9395495851,
      "f": 0.9459029435
    },
    "Gender": {
      "p": 0.9340254521,
      "r": 0.9268860086,
      "f": 0.930442035
    },
    "Number": {
      "p": 0.9523433386,
      "r": 0.9434011476,
      "f": 0.947851153
    },
    "AdpType": {
      "p": 1.0,
      "r": 0.9902740937,
      "f": 0.995113283
    },
    "PartType": {
      "p": 1.0,
      "r": 0.9902597403,
      "f": 0.9951060359
    },
    "Case": {
      "p": 0.9789983845,
      "r": 0.9573459716,
      "f": 0.9680511182
    },
    "Person": {
      "p": 0.980565371,
      "r": 0.9857904085,
      "f": 0.9831709477
    },
    "PronType": {
      "p": 0.9811010682,
      "r": 0.9819078947,
      "f": 0.9815043157
    },
    "NumType": {
      "p": 0.9657534247,
      "r": 0.9337748344,
      "f": 0.9494949495
    },
    "Degree": {
      "p": 0.9244823386,
      "r": 0.9144578313,
      "f": 0.919442762
    },
    "Reflex": {
      "p": 1.0,
      "r": 1.0,
      "f": 1.0
    },
    "Number[psor]": {
      "p": 0.9885057471,
      "r": 1.0,
      "f": 0.9942196532
    },
    "Poss": {
      "p": 1.0,
      "r": 1.0,
      "f": 1.0
    },
    "Polite": {
      "p": 0.75,
      "r": 0.75,
      "f": 0.75
    },
    "Foreign": {
      "p": 1.0,
      "r": 0.4,
      "f": 0.5714285714
    },
    "Abbr": {
      "p": 1.0,
      "r": 0.2,
      "f": 0.3333333333
    },
    "Style": {
      "p": 1.0,
      "r": 1.0,
      "f": 1.0
    }
  },
  "sents_p": 0.8798586572,
  "sents_r": 0.8829787234,
  "sents_f": 0.8814159292,
  "dep_uas": 0.8003351019,
  "dep_las": 0.7556126438,
  "dep_las_per_type": {
    "advmod": {
      "p": 0.6549391069,
      "r": 0.6836158192,
      "f": 0.6689702833
    },
    "root": {
      "p": 0.8127208481,
      "r": 0.8156028369,
      "f": 0.814159292
    },
    "nsubj": {
      "p": 0.8133472367,
      "r": 0.8227848101,
      "f": 0.8180388044
    },
    "case": {
      "p": 0.8882352941,
      "r": 0.8934911243,
      "f": 0.8908554572
    },
    "obl": {
      "p": 0.660130719,
      "r": 0.6273291925,
      "f": 0.6433121019
    },
    "cc": {
      "p": 0.7790697674,
      "r": 0.7790697674,
      "f": 0.7790697674
    },
    "conj": {
      "p": 0.6060606061,
      "r": 0.5866666667,
      "f": 0.5962059621
    },
    "obj": {
      "p": 0.752276867,
      "r": 0.8019417476,
      "f": 0.7763157895
    },
    "aux": {
      "p": 0.8753799392,
      "r": 0.8396501458,
      "f": 0.8571428571
    },
    "acl:relcl": {
      "p": 0.6011235955,
      "r": 0.5783783784,
      "f": 0.5895316804
    },
    "advmod:lmod": {
      "p": 0.7101449275,
      "r": 0.7313432836,
      "f": 0.7205882353
    },
    "det": {
      "p": 0.8899835796,
      "r": 0.8929159802,
      "f": 0.8914473684
    },
    "amod": {
      "p": 0.7868020305,
      "r": 0.7935153584,
      "f": 0.790144435
    },
    "nmod:poss": {
      "p": 0.6767676768,
      "r": 0.6633663366,
      "f": 0.67
    },
    "ccomp": {
      "p": 0.5483870968,
      "r": 0.5483870968,
      "f": 0.5483870968
    },
    "nummod": {
      "p": 0.8,
      "r": 0.8333333333,
      "f": 0.8163265306
    },
    "flat": {
      "p": 0.7950310559,
      "r": 0.8476821192,
      "f": 0.8205128205
    },
    "compound:prt": {
      "p": 0.5,
      "r": 0.2682926829,
      "f": 0.3492063492
    },
    "advcl": {
      "p": 0.5754716981,
      "r": 0.525862069,
      "f": 0.5495495495
    },
    "mark": {
      "p": 0.8611111111,
      "r": 0.8275154004,
      "f": 0.8439790576
    },
    "cop": {
      "p": 0.7552083333,
      "r": 0.8285714286,
      "f": 0.7901907357
    },
    "dep": {
      "p": 0.1546391753,
      "r": 0.2830188679,
      "f": 0.2
    },
    "nmod": {
      "p": 0.6024096386,
      "r": 0.5859375,
      "f": 0.5940594059
    },
    "iobj": {
      "p": 0.7692307692,
      "r": 0.4545454545,
      "f": 0.5714285714
    },
    "obl:lmod": {
      "p": 0.0,
      "r": 0.0,
      "f": 0.0
    },
    "xcomp": {
      "p": 0.4594594595,
      "r": 0.2881355932,
      "f": 0.3541666667
    },
    "appos": {
      "p": 0.4827586207,
      "r": 0.4242424242,
      "f": 0.4516129032
    },
    "list": {
      "p": 0.3846153846,
      "r": 0.2777777778,
      "f": 0.3225806452
    },
    "vocative": {
      "p": 0.0,
      "r": 0.0,
      "f": 0.0
    },
    "fixed": {
      "p": 0.8536585366,
      "r": 0.8536585366,
      "f": 0.8536585366
    },
    "expl": {
      "p": 0.8,
      "r": 0.8235294118,
      "f": 0.8115942029
    },
    "obl:tmod": {
      "p": 0.8571428571,
      "r": 0.3333333333,
      "f": 0.48
    },
    "discourse": {
      "p": 0.0,
      "r": 0.0,
      "f": 0.0
    }
  },
  "lemma_acc": 0.9437288136,
  "tag_acc": 0.9497336562,
  "ents_p": 0.7401746725,
  "ents_r": 0.70625,
  "ents_f": 0.7228144989,
  "ents_per_type": {
    "PER": {
      "p": 0.7935483871,
      "r": 0.7409638554,
      "f": 0.7663551402
    },
    "MISC": {
      "p": 0.6637168142,
      "r": 0.6637168142,
      "f": 0.6637168142
    },
    "ORG": {
      "p": 0.6666666667,
      "r": 0.6222222222,
      "f": 0.6436781609
    },
    "LOC": {
      "p": 0.8018867925,
      "r": 0.7657657658,
      "f": 0.7834101382
    }
  },
  "speed": 10480.016875495
}