{
  "token_acc": 0.9980762654,
  "token_p": 0.9980762654,
  "token_r": 0.9956925964,
  "token_f": 0.996883006,
  "tag_acc": 0.9041136874,
  "pos_acc": 0.969505289,
  "morph_acc": 0.9068490223,
  "morph_micro_p": 0.9436946565,
  "morph_micro_r": 0.9402351653,
  "morph_micro_f": 0.9419617345,
  "morph_per_feat": {
    "Case": {
      "p": 0.9048659674,
      "r": 0.9032867946,
      "f": 0.9040756914
    },
    "Gender": {
      "p": 0.9230579531,
      "r": 0.9230579531,
      "f": 0.9230579531
    },
    "Number": {
      "p": 0.9613894365,
      "r": 0.9611281006,
      "f": 0.9612587508
    },
    "Aspect": {
      "p": 0.8901790034,
      "r": 0.9064039409,
      "f": 0.8982182084
    },
    "Mood": {
      "p": 0.9747278383,
      "r": 0.9713289423,
      "f": 0.9730254221
    },
    "Person": {
      "p": 0.9796918768,
      "r": 0.9752527013,
      "f": 0.9774672489
    },
    "Tense": {
      "p": 0.9782793867,
      "r": 0.9708368555,
      "f": 0.9745439118
    },
    "VerbForm": {
      "p": 0.9633640553,
      "r": 0.9624769797,
      "f": 0.9629203132
    },
    "PronType": {
      "p": 0.9872537659,
      "r": 0.9872537659,
      "f": 0.9872537659
    },
    "Variant": {
      "p": 0.9869067103,
      "r": 0.9917763158,
      "f": 0.9893355209
    },
    "NumForm": {
      "p": 0.9907063197,
      "r": 0.9483985765,
      "f": 0.9690909091
    },
    "NumType": {
      "p": 0.9864864865,
      "r": 0.9449838188,
      "f": 0.9652892562
    },
    "Degree": {
      "p": 0.9663522814,
      "r": 0.9597468354,
      "f": 0.9630382319
    },
    "Polarity": {
      "p": 0.9963525836,
      "r": 0.9981729598,
      "f": 0.997261941
    },
    "Number[psor]": {
      "p": 0.982300885,
      "r": 0.9736842105,
      "f": 0.9779735683
    },
    "Poss": {
      "p": 0.9531914894,
      "r": 0.8853754941,
      "f": 0.9180327869
    },
    "Reflex": {
      "p": 0.9934065934,
      "r": 1.0,
      "f": 0.9966923925
    },
    "Definite": {
      "p": 0.9390581717,
      "r": 0.9112903226,
      "f": 0.9249658936
    },
    "Animacy": {
      "p": 0.757493188,
      "r": 0.648018648,
      "f": 0.6984924623
    },
    "Abbr": {
      "p": 1.0,
      "r": 1.0,
      "f": 1.0
    },
    "Foreign": {
      "p": 0.7631578947,
      "r": 0.3452380952,
      "f": 0.4754098361
    },
    "Gender[psor]": {
      "p": 0.9787234043,
      "r": 0.9787234043,
      "f": 0.9787234043
    }
  },
  "sents_p": 0.9363548698,
  "sents_r": 0.9296,
  "sents_f": 0.9325842697,
  "dep_uas": 0.8486034748,
  "dep_las": 0.8123597977,
  "dep_las_per_type": {
    "nsubj": {
      "p": 0.7399527187,
      "r": 0.7382075472,
      "f": 0.7390791027
    },
    "nmod": {
      "p": 0.7652370203,
      "r": 0.7764544205,
      "f": 0.7708049113
    },
    "root": {
      "p": 0.8641875505,
      "r": 0.8552,
      "f": 0.8596702855
    },
    "obj": {
      "p": 0.768650461,
      "r": 0.7797619048,
      "f": 0.7741663149
    },
    "iobj": {
      "p": 0.693877551,
      "r": 0.3505154639,
      "f": 0.4657534247
    },
    "case": {
      "p": 0.9598455598,
      "r": 0.9591049383,
      "f": 0.9594751061
    },
    "cc": {
      "p": 0.8611410118,
      "r": 0.851970181,
      "f": 0.8565310493
    },
    "conj": {
      "p": 0.6414922657,
      "r": 0.6222418358,
      "f": 0.6317204301
    },
    "mark": {
      "p": 0.9117647059,
      "r": 0.9007263923,
      "f": 0.9062119367
    },
    "obl": {
      "p": 0.7800707547,
      "r": 0.7625360231,
      "f": 0.7712037307
    },
    "nummod": {
      "p": 0.8791946309,
      "r": 0.8599562363,
      "f": 0.8694690265
    },
    "acl": {
      "p": 0.6821052632,
      "r": 0.6806722689,
      "f": 0.6813880126
    },
    "amod": {
      "p": 0.9290657439,
      "r": 0.9282627485,
      "f": 0.9286640726
    },
    "aux": {
      "p": 0.9349220898,
      "r": 0.9435707678,
      "f": 0.9392265193
    },
    "det": {
      "p": 0.9068100358,
      "r": 0.9493433396,
      "f": 0.9275893676
    },
    "advmod": {
      "p": 0.7708737864,
      "r": 0.7830374753,
      "f": 0.7769080235
    },
    "parataxis": {
      "p": 0.4023809524,
      "r": 0.4733893557,
      "f": 0.435006435
    },
    "flat:name": {
      "p": 0.7860696517,
      "r": 0.835978836,
      "f": 0.8102564103
    },
    "cop": {
      "p": 0.7690839695,
      "r": 0.7886497065,
      "f": 0.7787439614
    },
    "csubj": {
      "p": 0.7096774194,
      "r": 0.7096774194,
      "f": 0.7096774194
    },
    "expl": {
      "p": 0.9058171745,
      "r": 0.9342857143,
      "f": 0.9198312236
    },
    "xcomp": {
      "p": 0.8351648352,
      "r": 0.8636363636,
      "f": 0.8491620112
    },
    "ccomp": {
      "p": 0.7591623037,
      "r": 0.7474226804,
      "f": 0.7532467532
    },
    "dep": {
      "p": 0.0,
      "r": 0.0,
      "f": 0.0
    },
    "appos": {
      "p": 0.3669064748,
      "r": 0.2965116279,
      "f": 0.3279742765
    },
    "flat": {
      "p": 0.8235294118,
      "r": 0.7368421053,
      "f": 0.7777777778
    },
    "orphan": {
      "p": 0.4155844156,
      "r": 0.32,
      "f": 0.3615819209
    },
    "advcl": {
      "p": 0.556122449,
      "r": 0.4678111588,
      "f": 0.5081585082
    },
    "fixed": {
      "p": 0.8411214953,
      "r": 0.8256880734,
      "f": 0.8333333333
    },
    "list": {
      "p": 0.5789473684,
      "r": 0.5365853659,
      "f": 0.5569620253
    },
    "flat:foreign": {
      "p": 0.4666666667,
      "r": 0.175,
      "f": 0.2545454545
    },
    "vocative": {
      "p": 0.0,
      "r": 0.0,
      "f": 0.0
    },
    "discourse": {
      "p": 0.5454545455,
      "r": 0.4,
      "f": 0.4615384615
    },
    "cc:preconj": {
      "p": 0.8333333333,
      "r": 0.4166666667,
      "f": 0.5555555556
    }
  },
  "lemma_acc": 0.9439042633,
  "ents_p": 0.6273291925,
  "ents_r": 0.6392405063,
  "ents_f": 0.6332288401,
  "ents_per_type": {
    "ORG": {
      "p": 0.347826087,
      "r": 0.2,
      "f": 0.253968254
    },
    "PER": {
      "p": 0.7,
      "r": 0.8166666667,
      "f": 0.7538461538
    },
    "LOC": {
      "p": 0.6984126984,
      "r": 0.8148148148,
      "f": 0.7521367521
    },
    "MISC": {
      "p": 0.0,
      "r": 0.0,
      "f": 0.0
    },
    "DERIV_PER": {
      "p": 0.0,
      "r": 0.0,
      "f": 0.0
    }
  },
  "speed": 10252.6717569789
}