{
  "token_acc": 0.9992812865,
  "token_p": 0.9980235379,
  "token_r": 0.9978442468,
  "token_f": 0.9979338843,
  "pos_acc": 0.9702062643,
  "morph_acc": 0.9696179775,
  "morph_micro_p": 0.9828304883,
  "morph_micro_r": 0.9773983419,
  "morph_micro_f": 0.9801068884,
  "morph_per_feat": {
    "Gender": {
      "p": 0.9891103349,
      "r": 0.9828501429,
      "f": 0.9859703021
    },
    "Number": {
      "p": 0.9925638539,
      "r": 0.9858702633,
      "f": 0.9892057355
    },
    "NumType": {
      "p": 0.9848484848,
      "r": 0.9594095941,
      "f": 0.9719626168
    },
    "Definite": {
      "p": 0.992920354,
      "r": 0.9982206406,
      "f": 0.9955634428
    },
    "PronType": {
      "p": 0.9896049896,
      "r": 0.9842845327,
      "f": 0.9869375907
    },
    "Mood": {
      "p": 0.9549878345,
      "r": 0.9423769508,
      "f": 0.9486404834
    },
    "Person": {
      "p": 0.9624505929,
      "r": 0.9428848015,
      "f": 0.9525672372
    },
    "Tense": {
      "p": 0.9415749365,
      "r": 0.9463829787,
      "f": 0.9439728353
    },
    "VerbForm": {
      "p": 0.9606625259,
      "r": 0.9646569647,
      "f": 0.9626556017
    },
    "Degree": {
      "p": 0.8823529412,
      "r": 0.8823529412,
      "f": 0.8823529412
    },
    "Clitic": {
      "p": 0.9888888889,
      "r": 0.9518716578,
      "f": 0.970027248
    },
    "Poss": {
      "p": 1.0,
      "r": 1.0,
      "f": 1.0
    },
    "Polarity": {
      "p": 0.75,
      "r": 1.0,
      "f": 0.8571428571
    },
    "Foreign": {
      "p": 1.0,
      "r": 0.6,
      "f": 0.75
    }
  },
  "tag_acc": 0.9661618658,
  "sents_p": 0.9668989547,
  "sents_r": 0.9840425532,
  "sents_f": 0.9753954306,
  "dep_uas": 0.900231541,
  "dep_las": 0.859436098,
  "dep_las_per_type": {
    "root": {
      "p": 0.8745644599,
      "r": 0.890070922,
      "f": 0.8822495606
    },
    "flat:name": {
      "p": 0.8944099379,
      "r": 0.9113924051,
      "f": 0.9028213166
    },
    "case": {
      "p": 0.9739393939,
      "r": 0.9780888618,
      "f": 0.9760097176
    },
    "nmod": {
      "p": 0.8087318087,
      "r": 0.7955010225,
      "f": 0.8020618557
    },
    "nummod": {
      "p": 0.8950276243,
      "r": 0.8804347826,
      "f": 0.8876712329
    },
    "det": {
      "p": 0.9590909091,
      "r": 0.9696691176,
      "f": 0.9643510055
    },
    "nsubj": {
      "p": 0.831372549,
      "r": 0.8185328185,
      "f": 0.8249027237
    },
    "aux": {
      "p": 0.9485981308,
      "r": 0.935483871,
      "f": 0.9419953596
    },
    "advmod": {
      "p": 0.798206278,
      "r": 0.8165137615,
      "f": 0.8072562358
    },
    "obj": {
      "p": 0.8491484185,
      "r": 0.8725,
      "f": 0.8606658446
    },
    "cc": {
      "p": 0.9056603774,
      "r": 0.8834355828,
      "f": 0.8944099379
    },
    "conj": {
      "p": 0.6796875,
      "r": 0.7054054054,
      "f": 0.6923076923
    },
    "det:predet": {
      "p": 0.9444444444,
      "r": 0.9444444444,
      "f": 0.9444444444
    },
    "amod": {
      "p": 0.9044684129,
      "r": 0.88005997,
      "f": 0.8920972644
    },
    "mark": {
      "p": 0.906504065,
      "r": 0.9214876033,
      "f": 0.9139344262
    },
    "cop": {
      "p": 0.8257575758,
      "r": 0.8650793651,
      "f": 0.8449612403
    },
    "xcomp": {
      "p": 0.6734693878,
      "r": 0.6875,
      "f": 0.6804123711
    },
    "obl": {
      "p": 0.7750385208,
      "r": 0.735380117,
      "f": 0.7546886722
    },
    "acl:relcl": {
      "p": 0.7538461538,
      "r": 0.7153284672,
      "f": 0.734082397
    },
    "acl": {
      "p": 0.5811965812,
      "r": 0.5913043478,
      "f": 0.5862068966
    },
    "ccomp": {
      "p": 0.7,
      "r": 0.6774193548,
      "f": 0.6885245902
    },
    "expl": {
      "p": 0.88,
      "r": 0.8461538462,
      "f": 0.862745098
    },
    "nsubj:pass": {
      "p": 0.8333333333,
      "r": 0.8024691358,
      "f": 0.8176100629
    },
    "aux:pass": {
      "p": 0.8452380952,
      "r": 0.8987341772,
      "f": 0.8711656442
    },
    "parataxis": {
      "p": 0.5,
      "r": 0.2258064516,
      "f": 0.3111111111
    },
    "obl:agent": {
      "p": 0.7872340426,
      "r": 0.880952381,
      "f": 0.8314606742
    },
    "advcl": {
      "p": 0.5947712418,
      "r": 0.6408450704,
      "f": 0.6169491525
    },
    "det:poss": {
      "p": 0.9714285714,
      "r": 1.0,
      "f": 0.9855072464
    },
    "flat": {
      "p": 1.0,
      "r": 1.0,
      "f": 1.0
    },
    "appos": {
      "p": 0.4166666667,
      "r": 0.3846153846,
      "f": 0.4
    },
    "dep": {
      "p": 0.0,
      "r": 0.0,
      "f": 0.0
    },
    "iobj": {
      "p": 0.8095238095,
      "r": 0.85,
      "f": 0.8292682927
    },
    "expl:impers": {
      "p": 0.7,
      "r": 0.875,
      "f": 0.7777777778
    },
    "csubj": {
      "p": 0.5833333333,
      "r": 0.5384615385,
      "f": 0.56
    },
    "compound": {
      "p": 0.5833333333,
      "r": 0.5384615385,
      "f": 0.56
    },
    "discourse": {
      "p": 0.0,
      "r": 0.0,
      "f": 0.0
    },
    "fixed": {
      "p": 0.9523809524,
      "r": 0.7142857143,
      "f": 0.8163265306
    },
    "expl:pass": {
      "p": 0.6923076923,
      "r": 0.8181818182,
      "f": 0.75
    },
    "orphan": {
      "p": 0.0,
      "r": 0.0,
      "f": 0.0
    },
    "flat:foreign": {
      "p": 1.0,
      "r": 0.3333333333,
      "f": 0.5
    },
    "vocative": {
      "p": 0.3333333333,
      "r": 0.3333333333,
      "f": 0.3333333333
    }
  },
  "lemma_acc": 0.9715132998,
  "ents_p": 0.8569641531,
  "ents_r": 0.8546255507,
  "ents_f": 0.8557932542,
  "ents_per_type": {
    "LOC": {
      "p": 0.8661209401,
      "r": 0.8993341167,
      "f": 0.8824151117
    },
    "PER": {
      "p": 0.8956434364,
      "r": 0.8869225302,
      "f": 0.8912616505
    },
    "MISC": {
      "p": 0.770064083,
      "r": 0.6934597417,
      "f": 0.729757085
    },
    "ORG": {
      "p": 0.8060489678,
      "r": 0.7590415913,
      "f": 0.7818393481
    }
  },
  "speed": 10560.6412766822
}