{
  "token_acc": 0.9988505747,
  "token_p": 0.9727969349,
  "token_r": 0.9870598689,
  "token_f": 0.9798765024,
  "tag_acc": 0.9028676124,
  "pos_acc": 0.9665518391,
  "morph_acc": 0.9089647131,
  "morph_micro_p": 0.9491479295,
  "morph_micro_r": 0.9447767104,
  "morph_micro_f": 0.9469572755,
  "morph_per_feat": {
    "Case": {
      "p": 0.9166429587,
      "r": 0.9142154545,
      "f": 0.9154275973
    },
    "Gender": {
      "p": 0.9450730528,
      "r": 0.9426912119,
      "f": 0.9438806298
    },
    "Number": {
      "p": 0.9593135898,
      "r": 0.9566657466,
      "f": 0.9579878386
    },
    "Mood": {
      "p": 0.9791907514,
      "r": 0.9752446747,
      "f": 0.9772137294
    },
    "Person": {
      "p": 0.9829896907,
      "r": 0.9729591837,
      "f": 0.9779487179
    },
    "Tense": {
      "p": 0.9797809604,
      "r": 0.9814345992,
      "f": 0.9806070826
    },
    "VerbForm": {
      "p": 0.9688142563,
      "r": 0.9704771713,
      "f": 0.9696450009
    },
    "Definite": {
      "p": 0.9512690355,
      "r": 0.9355966051,
      "f": 0.9433677322
    },
    "Degree": {
      "p": 0.9605501267,
      "r": 0.9505730659,
      "f": 0.9555355536
    },
    "PronType": {
      "p": 0.981450253,
      "r": 0.9683860233,
      "f": 0.9748743719
    },
    "Reflex": {
      "p": 0.9900662252,
      "r": 0.9966666667,
      "f": 0.9933554817
    },
    "Animacy": {
      "p": 0.8,
      "r": 0.7524752475,
      "f": 0.7755102041
    },
    "Polarity": {
      "p": 0.9925373134,
      "r": 1.0,
      "f": 0.9962546816
    },
    "Voice": {
      "p": 0.9416983523,
      "r": 0.9477040816,
      "f": 0.944691672
    },
    "Poss": {
      "p": 0.9615384615,
      "r": 0.8495145631,
      "f": 0.9020618557
    },
    "NumType": {
      "p": 0.9555555556,
      "r": 0.9675,
      "f": 0.9614906832
    },
    "Gender[psor]": {
      "p": 0.9375,
      "r": 1.0,
      "f": 0.9677419355
    },
    "Number[psor]": {
      "p": 0.9746835443,
      "r": 0.9166666667,
      "f": 0.9447852761
    }
  },
  "sents_p": 0.9528415961,
  "sents_r": 0.9448441247,
  "sents_f": 0.9488260084,
  "dep_uas": 0.8476615687,
  "dep_las": 0.7792577594,
  "dep_las_per_type": {
    "discourse": {
      "p": 0.5886075949,
      "r": 0.5166666667,
      "f": 0.550295858
    },
    "case": {
      "p": 0.9431946007,
      "r": 0.9501416431,
      "f": 0.9466553768
    },
    "obl": {
      "p": 0.7317518248,
      "r": 0.7128888889,
      "f": 0.7221972085
    },
    "nsubj": {
      "p": 0.7712206952,
      "r": 0.7871287129,
      "f": 0.7790935076
    },
    "root": {
      "p": 0.8597339782,
      "r": 0.8525179856,
      "f": 0.8561107766
    },
    "mark": {
      "p": 0.8338028169,
      "r": 0.8433048433,
      "f": 0.8385269122
    },
    "cop": {
      "p": 0.65,
      "r": 0.7038216561,
      "f": 0.6758409786
    },
    "amod": {
      "p": 0.8885595732,
      "r": 0.8981426004,
      "f": 0.8933253874
    },
    "expl:pv": {
      "p": 0.7562189055,
      "r": 0.8636363636,
      "f": 0.8063660477
    },
    "acl": {
      "p": 0.6369047619,
      "r": 0.6167146974,
      "f": 0.6266471449
    },
    "ccomp": {
      "p": 0.7272727273,
      "r": 0.7777777778,
      "f": 0.7516778523
    },
    "cc": {
      "p": 0.8157503715,
      "r": 0.8356164384,
      "f": 0.8255639098
    },
    "advmod": {
      "p": 0.7431457431,
      "r": 0.7367668097,
      "f": 0.7399425287
    },
    "conj": {
      "p": 0.5922330097,
      "r": 0.604708798,
      "f": 0.598405886
    },
    "advcl": {
      "p": 0.5035460993,
      "r": 0.4277108434,
      "f": 0.4625407166
    },
    "obj": {
      "p": 0.7674129353,
      "r": 0.7415865385,
      "f": 0.7542787286
    },
    "aux": {
      "p": 0.896350365,
      "r": 0.8924418605,
      "f": 0.8943918427
    },
    "parataxis": {
      "p": 0.4947916667,
      "r": 0.4523809524,
      "f": 0.4726368159
    },
    "nmod": {
      "p": 0.7584884995,
      "r": 0.8052325581,
      "f": 0.7811618725
    },
    "det": {
      "p": 0.8511904762,
      "r": 0.8436578171,
      "f": 0.8474074074
    },
    "advmod:emph": {
      "p": 0.3333333333,
      "r": 0.2,
      "f": 0.25
    },
    "nsubj:pass": {
      "p": 0.4285714286,
      "r": 0.4125,
      "f": 0.4203821656
    },
    "appos": {
      "p": 0.6141732283,
      "r": 0.5954198473,
      "f": 0.6046511628
    },
    "nummod": {
      "p": 0.8021201413,
      "r": 0.7964912281,
      "f": 0.7992957746
    },
    "aux:pass": {
      "p": 0.64,
      "r": 0.5714285714,
      "f": 0.6037735849
    },
    "flat": {
      "p": 0.7423580786,
      "r": 0.8212560386,
      "f": 0.7798165138
    },
    "compound": {
      "p": 0.4603174603,
      "r": 0.3052631579,
      "f": 0.3670886076
    },
    "iobj": {
      "p": 0.4042553191,
      "r": 0.3114754098,
      "f": 0.3518518519
    },
    "xcomp": {
      "p": 0.8181818182,
      "r": 0.8054474708,
      "f": 0.8117647059
    },
    "dep": {
      "p": 0.0,
      "r": 0.0,
      "f": 0.0
    },
    "csubj": {
      "p": 0.5769230769,
      "r": 0.5555555556,
      "f": 0.5660377358
    },
    "goeswith": {
      "p": 0.0,
      "r": 0.0,
      "f": 0.0
    },
    "fixed": {
      "p": 0.4423076923,
      "r": 0.4339622642,
      "f": 0.4380952381
    },
    "csubj:pass": {
      "p": 0.3333333333,
      "r": 0.25,
      "f": 0.2857142857
    },
    "orphan": {
      "p": 0.6666666667,
      "r": 0.2105263158,
      "f": 0.32
    },
    "expl": {
      "p": 0.0,
      "r": 0.0,
      "f": 0.0
    },
    "flat:foreign": {
      "p": 0.6666666667,
      "r": 0.4,
      "f": 0.5
    },
    "list": {
      "p": 0.0,
      "r": 0.0,
      "f": 0.0
    },
    "vocative": {
      "p": 0.0,
      "r": 0.0,
      "f": 0.0
    }
  },
  "lemma_acc": 0.9193766377,
  "ents_p": 0.7697189483,
  "ents_r": 0.7580357143,
  "ents_f": 0.7638326586,
  "ents_per_type": {
    "LOC": {
      "p": 0.8625336927,
      "r": 0.8533333333,
      "f": 0.8579088472
    },
    "PER": {
      "p": 0.8068965517,
      "r": 0.8268551237,
      "f": 0.8167539267
    },
    "ORG": {
      "p": 0.6966292135,
      "r": 0.7188405797,
      "f": 0.7075606277
    },
    "MISC": {
      "p": 0.5833333333,
      "r": 0.42,
      "f": 0.488372093
    },
    "DERIV_PER": {
      "p": 0.3571428571,
      "r": 0.2941176471,
      "f": 0.3225806452
    }
  },
  "speed": 9578.4857835322
}