{
  "token_acc": 0.9997406191,
  "token_p": 0.998357254,
  "token_r": 0.9988754325,
  "token_f": 0.9986162761,
  "pos_acc": 0.9058268807,
  "morph_acc": 0.8322879266,
  "morph_micro_p": 0.8734103296,
  "morph_micro_r": 0.8582631982,
  "morph_micro_f": 0.8657705171,
  "morph_per_feat": {
    "Case": {
      "p": 0.8908646003,
      "r": 0.8949524746,
      "f": 0.8929038587
    },
    "Gender": {
      "p": 0.8934921457,
      "r": 0.8989232372,
      "f": 0.8961994632
    },
    "Number": {
      "p": 0.8939584644,
      "r": 0.8882288573,
      "f": 0.8910844507
    },
    "Definite": {
      "p": 0.8653465347,
      "r": 0.8493683188,
      "f": 0.8572829819
    },
    "Degree": {
      "p": 0.767827529,
      "r": 0.7723102585,
      "f": 0.7700623701
    },
    "Polarity": {
      "p": 0.8632573652,
      "r": 0.8225635593,
      "f": 0.8424193111
    },
    "Tense": {
      "p": 0.7872174591,
      "r": 0.7410124725,
      "f": 0.7634164777
    },
    "VerbForm": {
      "p": 0.849360756,
      "r": 0.8093220339,
      "f": 0.8288581503
    },
    "Voice": {
      "p": 0.7353535354,
      "r": 0.6867924528,
      "f": 0.7102439024
    },
    "PronType": {
      "p": 0.921474359,
      "r": 0.9488448845,
      "f": 0.9349593496
    },
    "Aspect": {
      "p": 0.7832817337,
      "r": 0.696969697,
      "f": 0.7376093294
    },
    "Hyph": {
      "p": 0.9047619048,
      "r": 0.9095744681,
      "f": 0.9071618037
    },
    "Reflex": {
      "p": 0.6818181818,
      "r": 0.5535055351,
      "f": 0.6109979633
    },
    "Mood": {
      "p": 0.86521181,
      "r": 0.8062200957,
      "f": 0.8346749226
    },
    "Person": {
      "p": 0.8847780127,
      "r": 0.8353293413,
      "f": 0.8593429158
    },
    "AdpType": {
      "p": 0.9974811083,
      "r": 0.9850746269,
      "f": 0.9912390488
    },
    "Abbr": {
      "p": 0.9757281553,
      "r": 0.8777292576,
      "f": 0.924137931
    },
    "Foreign": {
      "p": 0.5263157895,
      "r": 0.3125,
      "f": 0.3921568627
    },
    "NumForm": {
      "p": 0.8974358974,
      "r": 0.875,
      "f": 0.8860759494
    },
    "NumType": {
      "p": 0.7111111111,
      "r": 0.5714285714,
      "f": 0.6336633663
    }
  },
  "tag_acc": 0.8233767357,
  "sents_p": 0.7723076923,
  "sents_r": 0.8136142626,
  "sents_f": 0.7924230466,
  "dep_uas": 0.6753040719,
  "dep_las": 0.584210248,
  "dep_las_per_type": {},
  "lemma_acc": 0.8350992518,
  "ents_p": 0.7161113647,
  "ents_r": 0.7848924462,
  "ents_f": 0.7489260143,
  "ents_per_type": {
    "ORG": {
      "p": 0.660944206,
      "r": 0.703196347,
      "f": 0.6814159292
    },
    "TIME": {
      "p": 0.6694560669,
      "r": 0.7272727273,
      "f": 0.697167756
    },
    "LOC": {
      "p": 0.6809815951,
      "r": 0.6873065015,
      "f": 0.6841294299
    },
    "PRODUCT": {
      "p": 0.36,
      "r": 0.5714285714,
      "f": 0.4417177914
    },
    "PERSON": {
      "p": 0.821942446,
      "r": 0.8309090909,
      "f": 0.8264014467
    },
    "GPE": {
      "p": 0.7658730159,
      "r": 0.9530864198,
      "f": 0.8492849285
    }
  },
  "speed": 9287.0480705937
}