{
  "token_acc": 0.999433329,
  "token_p": 0.9974281853,
  "token_r": 0.9975586363,
  "token_f": 0.9974934066,
  "pos_acc": 0.9578189749,
  "morph_acc": 0.9506816447,
  "morph_micro_p": 0.959642508,
  "morph_micro_r": 0.9386695807,
  "morph_micro_f": 0.9490401878,
  "morph_per_feat": {
    "Person": {
      "p": 0.9912109375,
      "r": 0.9703632887,
      "f": 0.9806763285
    },
    "Poss": {
      "p": 0.992248062,
      "r": 0.9808429119,
      "f": 0.9865125241
    },
    "PronType": {
      "p": 0.9888983775,
      "r": 0.9625935162,
      "f": 0.9755686605
    },
    "Gender": {
      "p": 0.901055409,
      "r": 0.8687356907,
      "f": 0.8846004404
    },
    "Number": {
      "p": 0.9761758377,
      "r": 0.9506061967,
      "f": 0.9632213544
    },
    "Tense": {
      "p": 0.9701576577,
      "r": 0.9472237493,
      "f": 0.9585535466
    },
    "VerbForm": {
      "p": 0.9407918634,
      "r": 0.9319899244,
      "f": 0.9363702097
    },
    "Degree": {
      "p": 0.938641344,
      "r": 0.9231321839,
      "f": 0.9308221659
    },
    "Definite": {
      "p": 0.9951456311,
      "r": 0.9925176056,
      "f": 0.993829881
    },
    "Case": {
      "p": 0.9960159363,
      "r": 0.9960159363,
      "f": 0.9960159363
    },
    "Reflex": {
      "p": 1.0,
      "r": 1.0,
      "f": 1.0
    },
    "Abbr": {
      "p": 1.0,
      "r": 0.5,
      "f": 0.6666666667
    }
  },
  "tag_acc": 0.9402425194,
  "sents_p": 0.8436860068,
  "sents_r": 0.8866571019,
  "sents_f": 0.8646379853,
  "dep_uas": 0.8565778465,
  "dep_las": 0.8045027001,
  "dep_las_per_type": {
    "det": {
      "p": 0.8894977169,
      "r": 0.9605522682,
      "f": 0.9236605026
    },
    "nsubj": {
      "p": 0.7433903577,
      "r": 0.775974026,
      "f": 0.7593328038
    },
    "root": {
      "p": 0.7725381415,
      "r": 0.8313432836,
      "f": 0.8008626887
    },
    "case": {
      "p": 0.8958333333,
      "r": 0.9511520737,
      "f": 0.9226642825
    },
    "obl": {
      "p": 0.6958525346,
      "r": 0.7179080824,
      "f": 0.7067082683
    },
    "nmod": {
      "p": 0.6192733017,
      "r": 0.6841186736,
      "f": 0.6500829187
    },
    "advmod": {
      "p": 0.7145669291,
      "r": 0.7333333333,
      "f": 0.7238285145
    },
    "obj": {
      "p": 0.6855123675,
      "r": 0.7158671587,
      "f": 0.7003610108
    },
    "mark": {
      "p": 0.8691983122,
      "r": 0.8512396694,
      "f": 0.860125261
    },
    "advcl": {
      "p": 0.4326923077,
      "r": 0.3719008264,
      "f": 0.4
    },
    "amod": {
      "p": 0.805,
      "r": 0.8813868613,
      "f": 0.8414634146
    },
    "acl:relcl": {
      "p": 0.5696202532,
      "r": 0.5487804878,
      "f": 0.5590062112
    },
    "cop": {
      "p": 0.7278911565,
      "r": 0.5879120879,
      "f": 0.6504559271
    },
    "cc": {
      "p": 0.8118811881,
      "r": 0.8453608247,
      "f": 0.8282828283
    },
    "conj": {
      "p": 0.5379609544,
      "r": 0.5486725664,
      "f": 0.543263965
    },
    "fixed": {
      "p": 0.6482758621,
      "r": 0.2547425474,
      "f": 0.3657587549
    },
    "flat": {
      "p": 0.7881873727,
      "r": 0.6592844974,
      "f": 0.7179962894
    },
    "csubj": {
      "p": 0.3333333333,
      "r": 0.3333333333,
      "f": 0.3333333333
    },
    "aux": {
      "p": 0.74,
      "r": 0.7184466019,
      "f": 0.7290640394
    },
    "compound:prt": {
      "p": 0.7777777778,
      "r": 0.6363636364,
      "f": 0.7
    },
    "nummod": {
      "p": 0.5748502994,
      "r": 0.6575342466,
      "f": 0.6134185304
    },
    "acl": {
      "p": 0.5483870968,
      "r": 0.2881355932,
      "f": 0.3777777778
    },
    "expl": {
      "p": 0.2,
      "r": 0.1666666667,
      "f": 0.1818181818
    },
    "appos": {
      "p": 0.6956521739,
      "r": 0.5549132948,
      "f": 0.6173633441
    },
    "dep": {
      "p": 0.0,
      "r": 0.0,
      "f": 0.0
    },
    "nsubj:pass": {
      "p": 0.7234042553,
      "r": 0.7906976744,
      "f": 0.7555555556
    },
    "aux:pass": {
      "p": 0.8514851485,
      "r": 0.8775510204,
      "f": 0.864321608
    },
    "xcomp": {
      "p": 0.2888888889,
      "r": 0.5342465753,
      "f": 0.375
    },
    "ccomp": {
      "p": 0.4594594595,
      "r": 0.5,
      "f": 0.4788732394
    },
    "parataxis": {
      "p": 0.3238095238,
      "r": 0.2281879195,
      "f": 0.2677165354
    },
    "expl:pv": {
      "p": 0.85,
      "r": 0.8947368421,
      "f": 0.8717948718
    },
    "iobj": {
      "p": 0.8,
      "r": 0.4,
      "f": 0.5333333333
    },
    "nmod:poss": {
      "p": 0.9391891892,
      "r": 0.908496732,
      "f": 0.9235880399
    },
    "obl:agent": {
      "p": 0.9090909091,
      "r": 0.7142857143,
      "f": 0.8
    },
    "orphan": {
      "p": 0.0,
      "r": 0.0,
      "f": 0.0
    }
  },
  "lemma_acc": 0.9497786597,
  "ents_p": 0.7359180688,
  "ents_r": 0.6957123098,
  "ents_f": 0.7152506221,
  "ents_per_type": {
    "DATE": {
      "p": 0.9391891892,
      "r": 0.9025974026,
      "f": 0.9205298013
    },
    "NORP": {
      "p": 0.7052631579,
      "r": 0.8072289157,
      "f": 0.7528089888
    },
    "ORG": {
      "p": 0.7355371901,
      "r": 0.5266272189,
      "f": 0.6137931034
    },
    "CARDINAL": {
      "p": 0.8815789474,
      "r": 0.9571428571,
      "f": 0.9178082192
    },
    "GPE": {
      "p": 0.6294820717,
      "r": 0.8681318681,
      "f": 0.7297921478
    },
    "MONEY": {
      "p": 0.0,
      "r": 0.0,
      "f": 0.0
    },
    "PERCENT": {
      "p": 0.75,
      "r": 1.0,
      "f": 0.8571428571
    },
    "PERSON": {
      "p": 0.6946308725,
      "r": 0.6699029126,
      "f": 0.6820428336
    },
    "FAC": {
      "p": 0.2105263158,
      "r": 0.2857142857,
      "f": 0.2424242424
    },
    "LAW": {
      "p": 0.75,
      "r": 1.0,
      "f": 0.8571428571
    },
    "ORDINAL": {
      "p": 0.9677419355,
      "r": 0.9090909091,
      "f": 0.9375
    },
    "LANGUAGE": {
      "p": 1.0,
      "r": 0.6363636364,
      "f": 0.7777777778
    },
    "QUANTITY": {
      "p": 0.9166666667,
      "r": 0.9166666667,
      "f": 0.9166666667
    },
    "EVENT": {
      "p": 0.4,
      "r": 0.347826087,
      "f": 0.3720930233
    },
    "LOC": {
      "p": 0.3571428571,
      "r": 0.1470588235,
      "f": 0.2083333333
    },
    "PRODUCT": {
      "p": 0.0,
      "r": 0.0,
      "f": 0.0
    },
    "WORK_OF_ART": {
      "p": 0.5909090909,
      "r": 0.3611111111,
      "f": 0.4482758621
    },
    "TIME": {
      "p": 1.0,
      "r": 1.0,
      "f": 1.0
    }
  },
  "speed": 9465.1209967288
}