{
  "token_acc": 1.0,
  "token_p": 0.9990295973,
  "token_r": 0.9995068547,
  "token_f": 0.9992604644,
  "pos_acc": 0.9433515752,
  "morph_acc": 0.8898091998,
  "morph_micro_p": 0.9491110582,
  "morph_micro_r": 0.9466653104,
  "morph_micro_f": 0.9478866067,
  "morph_per_feat": {
    "Abbr": {
      "p": 0.9746835443,
      "r": 0.8279569892,
      "f": 0.8953488372
    },
    "Case": {
      "p": 0.9244089244,
      "r": 0.9256418806,
      "f": 0.9250249917
    },
    "Gender": {
      "p": 0.9200799201,
      "r": 0.9213071024,
      "f": 0.9206931023
    },
    "Number": {
      "p": 0.9691197691,
      "r": 0.9693995381,
      "f": 0.9692596334
    },
    "Aspect": {
      "p": 0.9219066937,
      "r": 0.9126506024,
      "f": 0.9172552977
    },
    "Mood": {
      "p": 0.9859307359,
      "r": 0.9795698925,
      "f": 0.9827400216
    },
    "Person": {
      "p": 0.9704797048,
      "r": 0.9633699634,
      "f": 0.9669117647
    },
    "Tense": {
      "p": 0.9483204134,
      "r": 0.9569752282,
      "f": 0.9526281635
    },
    "VerbForm": {
      "p": 0.9746450304,
      "r": 0.9648594378,
      "f": 0.9697275479
    },
    "Voice": {
      "p": 0.9543610548,
      "r": 0.9447791165,
      "f": 0.9495459132
    },
    "Definite": {
      "p": 0.9920318725,
      "r": 0.9965694683,
      "f": 0.9942954934
    },
    "PronType": {
      "p": 0.9853747715,
      "r": 0.9871794872,
      "f": 0.9862763038
    },
    "Foreign": {
      "p": 0.7153846154,
      "r": 0.5776397516,
      "f": 0.6391752577
    },
    "NumType": {
      "p": 0.9893048128,
      "r": 0.9024390244,
      "f": 0.943877551
    },
    "Poss": {
      "p": 0.8863636364,
      "r": 0.8764044944,
      "f": 0.8813559322
    },
    "Degree": {
      "p": 0.6571428571,
      "r": 0.6052631579,
      "f": 0.6301369863
    }
  },
  "sents_p": 0.9264705882,
  "sents_r": 0.9379652605,
  "sents_f": 0.9321824908,
  "dep_uas": 0.846762669,
  "dep_las": 0.8053204353,
  "dep_las_per_type": {},
  "lemma_acc": 0.8893161761,
  "tag_acc": 0.9133757334,
  "ents_p": 0.711790393,
  "ents_r": 0.6848739496,
  "ents_f": 0.6980728051,
  "ents_per_type": {
    "PERSON": {
      "p": 0.7818181818,
      "r": 0.671875,
      "f": 0.7226890756
    },
    "GPE": {
      "p": 0.7446808511,
      "r": 0.8045977011,
      "f": 0.773480663
    },
    "ORG": {
      "p": 0.6103896104,
      "r": 0.661971831,
      "f": 0.6351351351
    },
    "PRODUCT": {
      "p": 0.0,
      "r": 0.0,
      "f": 0.0
    },
    "EVENT": {
      "p": 1.0,
      "r": 0.5,
      "f": 0.6666666667
    },
    "LOC": {
      "p": 0.0,
      "r": 0.0,
      "f": 0.0
    }
  },
  "speed": 9255.1934643525
}